Ref,Val,Package,PosX,PosY,Rot,Side
"C1","22pF","C_0805_2012Metric",231.500000,-192.950000,90.000000,bottom
"C2","22pF","C_0805_2012Metric",221.250000,-192.800000,-90.000000,bottom
"C3","1uF","C_0805_2012Metric",224.050000,-186.950000,0.000000,bottom
"C4","0.1uF","C_0805_2012Metric",199.500000,-196.450000,-90.000000,bottom
"C5","0.1uF","C_0805_2012Metric",220.050000,-197.500000,0.000000,bottom
"C6","0.1uF","C_0805_2012Metric",198.950000,-185.000000,180.000000,bottom
"C7","10uF","C_0805_2012Metric",219.250000,-182.200000,90.000000,bottom
"D1","1N4148W","D_SOD-123",71.500000,-91.150000,90.000000,bottom
"D2","1N4148W","D_SOD-123",94.500000,-91.150000,90.000000,bottom
"D3","1N4148W","D_SOD-123",113.500000,-91.150000,90.000000,bottom
"D4","1N4148W","D_SOD-123",132.500000,-91.150000,90.000000,bottom
"D5","1N4148W","D_SOD-123",151.500000,-91.150000,90.000000,bottom
"D6","1N4148W","D_SOD-123",175.500000,-91.650000,90.000000,bottom
"D7","1N4148W","D_SOD-123",70.500000,-115.650000,90.000000,bottom
"D8","1N4148W","D_SOD-123",90.000000,-115.650000,90.000000,bottom
"D9","1N4148W","D_SOD-123",109.000000,-115.650000,90.000000,bottom
"D10","1N4148W","D_SOD-123",128.000000,-115.650000,90.000000,bottom
"D11","1N4148W","D_SOD-123",147.000000,-115.650000,90.000000,bottom
"D12","1N4148W","D_SOD-123",166.000000,-115.650000,90.000000,bottom
"D13","1N4148W","D_SOD-123",75.500000,-134.650000,90.000000,bottom
"D14","1N4148W","D_SOD-123",99.000000,-134.650000,90.000000,bottom
"D15","1N4148W","D_SOD-123",118.000000,-134.650000,90.000000,bottom
"D16","1N4148W","D_SOD-123",137.000000,-135.150000,90.000000,bottom
"D17","1N4148W","D_SOD-123",156.500000,-134.650000,90.000000,bottom
"D18","1N4148W","D_SOD-123",175.500000,-134.650000,90.000000,bottom
"D19","1N4148W","D_SOD-123",78.000000,-153.650000,90.000000,bottom
"D20","1N4148W","D_SOD-123",103.850000,-153.650000,90.000000,bottom
"D21","1N4148W","D_SOD-123",123.000000,-153.500000,90.000000,bottom
"D22","1N4148W","D_SOD-123",142.000000,-153.650000,90.000000,bottom
"D23","1N4148W","D_SOD-123",161.000000,-153.650000,90.000000,bottom
"D24","1N4148W","D_SOD-123",180.000000,-153.650000,90.000000,bottom
"D25","1N4148W","D_SOD-123",82.500000,-172.650000,90.000000,bottom
"D26","1N4148W","D_SOD-123",113.500000,-172.650000,90.000000,bottom
"D27","1N4148W","D_SOD-123",132.500000,-172.650000,90.000000,bottom
"D28","1N4148W","D_SOD-123",194.500000,-91.650000,90.000000,bottom
"D29","1N4148W","D_SOD-123",213.500000,-91.650000,90.000000,bottom
"D30","1N4148W","D_SOD-123",232.500000,-91.650000,90.000000,bottom
"D31","1N4148W","D_SOD-123",256.500000,-91.650000,90.000000,bottom
"D32","1N4148W","D_SOD-123",275.500000,-91.650000,90.000000,bottom
"D33","1N4148W","D_SOD-123",294.500000,-91.650000,90.000000,bottom
"D34","1N4148W","D_SOD-123",313.500000,-91.650000,90.000000,bottom
"D35","1N4148W","D_SOD-123",337.500000,-91.650000,90.000000,bottom
"D36","1N4148W","D_SOD-123",204.000000,-115.650000,90.000000,bottom
"D37","1N4148W","D_SOD-123",223.000000,-115.650000,90.000000,bottom
"D38","1N4148W","D_SOD-123",242.000000,-115.650000,90.000000,bottom
"D39","1N4148W","D_SOD-123",261.333628,-115.420855,90.000000,bottom
"D40","1N4148W","D_SOD-123",280.500000,-115.650000,90.000000,bottom
"D41","1N4148W","D_SOD-123",299.500000,-115.650000,90.000000,bottom
"D42","1N4148W","D_SOD-123",328.000000,-115.650000,90.000000,bottom
"D43","1N4148W","D_SOD-123",364.000000,-173.650000,90.000000,bottom
"D44","1N4148W","D_SOD-123",185.000000,-115.650000,90.000000,bottom
"D45","1N4148W","D_SOD-123",194.500000,-134.650000,90.000000,bottom
"D46","1N4148W","D_SOD-123",213.500000,-134.650000,90.000000,bottom
"D47","1N4148W","D_SOD-123",232.500000,-134.650000,90.000000,bottom
"D48","1N4148W","D_SOD-123",251.500000,-134.650000,90.000000,bottom
"D49","1N4148W","D_SOD-123",270.500000,-134.650000,90.000000,bottom
"D50","1N4148W","D_SOD-123",289.500000,-134.650000,90.000000,bottom
"D51","1N4148W","D_SOD-123",309.000000,-134.650000,90.000000,bottom
"D52","1N4148W","D_SOD-123",332.500000,-134.650000,90.000000,bottom
"D53","1N4148W","D_SOD-123",364.000000,-154.850000,90.000000,bottom
"D54","1N4148W","D_SOD-123",199.000000,-153.650000,90.000000,bottom
"D55","1N4148W","D_SOD-123",218.000000,-153.500000,90.000000,bottom
"D56","1N4148W","D_SOD-123",237.000000,-153.650000,90.000000,bottom
"D57","1N4148W","D_SOD-123",256.500000,-153.650000,90.000000,bottom
"D58","1N4148W","D_SOD-123",275.000000,-153.650000,90.000000,bottom
"D59","1N4148W","D_SOD-123",294.500000,-153.650000,90.000000,bottom
"D60","1N4148W","D_SOD-123",325.500000,-153.650000,90.000000,bottom
"D61","1N4148W","D_SOD-123",364.000000,-116.150000,90.000000,bottom
"D62","1N4148W","D_SOD-123",151.500000,-172.650000,90.000000,bottom
"D63","1N4148W","D_SOD-123",170.500000,-172.650000,90.000000,bottom
"D64","1N4148W","D_SOD-123",189.500000,-172.650000,90.000000,bottom
"D65","1N4148W","D_SOD-123",208.500000,-172.650000,90.000000,bottom
"D66","1N4148W","D_SOD-123",227.500000,-172.650000,90.000000,bottom
"D67","1N4148W","D_SOD-123",247.000000,-172.650000,90.000000,bottom
"D68","1N4148W","D_SOD-123",266.000000,-172.650000,90.000000,bottom
"D69","1N4148W","D_SOD-123",285.000000,-172.650000,90.000000,bottom
"D70","1N4148W","D_SOD-123",311.000000,-172.650000,90.000000,bottom
"D71","1N4148W","D_SOD-123",340.250000,-175.900000,90.000000,bottom
"D72","1N4148W","D_SOD-123",364.000000,-134.650000,90.000000,bottom
"D73","1N4148W","D_SOD-123",73.000000,-191.650000,90.000000,bottom
"D74","1N4148W","D_SOD-123",96.500000,-191.650000,90.000000,bottom
"D75","1N4148W","D_SOD-123",120.500000,-191.650000,90.000000,bottom
"D76","1N4148W","D_SOD-123",192.000000,-191.650000,90.000000,bottom
"D77","1N4148W","D_SOD-123",261.000000,-191.650000,90.000000,bottom
"D78","1N4148W","D_SOD-123",280.068636,-190.900000,90.000000,bottom
"D79","1N4148W","D_SOD-123",299.000000,-191.650000,90.000000,bottom
"D80","1N4148W","D_SOD-123",321.850000,-195.650000,90.000000,bottom
"D81","1N4148W","D_SOD-123",340.850000,-195.650000,90.000000,bottom
"D82","1N4148W","D_SOD-123",359.850000,-195.650000,90.000000,bottom
"D83","SK6812","SK6812-MINI-E",351.525000,-198.250000,180.000000,bottom
"D84","SK6812","SK6812-MINI-E",332.175000,-198.250000,180.000000,bottom
"D85","SK6812","SK6812-MINI-E",313.175000,-198.250000,180.000000,bottom
"D86","SK6812","SK6812-MINI-E",290.325000,-194.250000,180.000000,bottom
"D87","SK6812","SK6812-MINI-E",271.325000,-194.250000,180.000000,bottom
"D88","SK6812","SK6812-MINI-E",252.325000,-194.250000,180.000000,bottom
"D89","SK6812","SK6812-MINI-E",183.325000,-194.250000,180.000000,bottom
"D90","SK6812","SK6812-MINI-E",111.825000,-194.250000,180.000000,bottom
"D91","SK6812","SK6812-MINI-E",87.825000,-194.250000,180.000000,bottom
"D92","SK6812","SK6812-MINI-E",64.175000,-194.250000,180.000000,bottom
"D93","SK6812","SK6812-MINI-E",355.466543,-175.519474,180.000000,bottom
"D94","SK6812","SK6812-MINI-E",332.175000,-179.250000,180.000000,bottom
"D95","SK6812","SK6812-MINI-E",302.825000,-175.250000,180.000000,bottom
"D96","SK6812","SK6812-MINI-E",276.234656,-175.127085,180.000000,bottom
"D97","SK6812","SK6812-MINI-E",257.087513,-175.219271,180.000000,bottom
"D98","SK6812","SK6812-MINI-E",238.127965,-175.250000,180.000000,bottom
"D99","SK6812","SK6812-MINI-E",218.953754,-175.250000,180.000000,bottom
"D100","SK6812","SK6812-MINI-E",200.000000,-175.250000,180.000000,bottom
"D101","SK6812","SK6812-MINI-E",180.947853,-175.161501,180.000000,bottom
"D102","SK6812","SK6812-MINI-E",161.825000,-175.250000,180.000000,bottom
"D103","SK6812","SK6812-MINI-E",142.825000,-175.250000,180.000000,bottom
"D104","SK6812","SK6812-MINI-E",123.675000,-175.250000,180.000000,bottom
"D105","SK6812","SK6812-MINI-E",104.675000,-175.250000,180.000000,bottom
"D106","SK6812","SK6812-MINI-E",73.675000,-175.250000,180.000000,bottom
"D107","SK6812","SK6812-MINI-E",355.364199,-156.250000,180.000000,bottom
"D108","SK6812","SK6812-MINI-E",316.825000,-156.250000,180.000000,bottom
"D109","SK6812","SK6812-MINI-E",285.825000,-156.250000,180.000000,bottom
"D110","SK6812","SK6812-MINI-E",266.325000,-156.250000,180.000000,bottom
"D111","SK6812","SK6812-MINI-E",247.325000,-156.213048,180.000000,bottom
"D112","SK6812","SK6812-MINI-E",228.325000,-156.250000,180.000000,bottom
"D113","SK6812","SK6812-MINI-E",209.325000,-156.239580,180.000000,bottom
"D114","SK6812","SK6812-MINI-E",190.325000,-156.250000,180.000000,bottom
"D115","SK6812","SK6812-MINI-E",171.325000,-156.250000,180.000000,bottom
"D116","SK6812","SK6812-MINI-E",152.325000,-156.250000,180.000000,bottom
"D117","SK6812","SK6812-MINI-E",133.325000,-156.250000,180.000000,bottom
"D118","SK6812","SK6812-MINI-E",114.325000,-156.250000,180.000000,bottom
"D119","SK6812","SK6812-MINI-E",95.175000,-156.250000,180.000000,bottom
"D120","SK6812","SK6812-MINI-E",69.000000,-156.250000,180.000000,bottom
"D121","SK6812","SK6812-MINI-E",355.236163,-137.515267,180.000000,bottom
"D122","SK6812","SK6812-MINI-E",323.825000,-137.250000,180.000000,bottom
"D123","SK6812","SK6812-MINI-E",299.825000,-137.250000,180.000000,bottom
"D124","SK6812","SK6812-MINI-E",280.825000,-137.250000,180.000000,bottom
"D125","SK6812","SK6812-MINI-E",261.825000,-137.250000,180.000000,bottom
"D126","SK6812","SK6812-MINI-E",242.825000,-137.250000,180.000000,bottom
"D127","SK6812","SK6812-MINI-E",223.717549,-137.185321,180.000000,bottom
"D128","SK6812","SK6812-MINI-E",204.614601,-137.210929,180.000000,bottom
"D129","SK6812","SK6812-MINI-E",185.325000,-137.250000,180.000000,bottom
"D130","SK6812","SK6812-MINI-E",166.620931,-137.102502,180.000000,bottom
"D131","SK6812","SK6812-MINI-E",147.630654,-137.139377,180.000000,bottom
"D132","SK6812","SK6812-MINI-E",128.825000,-137.250000,180.000000,bottom
"D133","SK6812","SK6812-MINI-E",109.403762,-137.161501,180.000000,bottom
"D134","SK6812","SK6812-MINI-E",90.332362,-137.117252,180.000000,bottom
"D135","SK6812","SK6812-MINI-E",66.675000,-137.250000,180.000000,bottom
"D136","SK6812","SK6812-MINI-E",355.364199,-118.250000,180.000000,bottom
"D137","SK6812","SK6812-MINI-E",319.325000,-118.250000,180.000000,bottom
"D138","SK6812","SK6812-MINI-E",290.500000,-118.014599,180.000000,bottom
"D139","SK6812","SK6812-MINI-E",271.344603,-117.908759,180.000000,bottom
"D140","SK6812","SK6812-MINI-E",252.301591,-118.067519,180.000000,bottom
"D141","SK6812","SK6812-MINI-E",233.184201,-118.092378,180.000000,bottom
"D142","SK6812","SK6812-MINI-E",214.033829,-118.037857,180.000000,bottom
"D143","SK6812","SK6812-MINI-E",195.022492,-118.098530,180.000000,bottom
"D144","SK6812","SK6812-MINI-E",176.050724,-118.098530,180.000000,bottom
"D145","SK6812","SK6812-MINI-E",156.959887,-118.058840,180.000000,bottom
"D146","SK6812","SK6812-MINI-E",137.943615,-118.055426,180.000000,bottom
"D147","SK6812","SK6812-MINI-E",118.892468,-118.055426,180.000000,bottom
"D148","SK6812","SK6812-MINI-E",99.742096,-118.022352,180.000000,bottom
"D149","SK6812","SK6812-MINI-E",80.804832,-118.027366,180.000000,bottom
"D150","SK6812","SK6812-MINI-E",61.790047,-117.997797,180.000000,bottom
"D151","SK6812","SK6812-MINI-E",328.325000,-94.250000,180.000000,bottom
"D152","SK6812","SK6812-MINI-E",304.675000,-94.250000,180.000000,bottom
"D153","SK6812","SK6812-MINI-E",285.675000,-94.250000,180.000000,bottom
"D154","SK6812","SK6812-MINI-E",266.675000,-94.250000,180.000000,bottom
"D155","SK6812","SK6812-MINI-E",247.675000,-94.250000,180.000000,bottom
"D156","SK6812","SK6812-MINI-E",223.825000,-94.250000,180.000000,bottom
"D157","SK6812","SK6812-MINI-E",204.675000,-94.250000,180.000000,bottom
"D158","SK6812","SK6812-MINI-E",185.675000,-94.250000,180.000000,bottom
"D159","SK6812","SK6812-MINI-E",166.675000,-94.250000,180.000000,bottom
"D160","SK6812","SK6812-MINI-E",142.675000,-94.250000,180.000000,bottom
"D161","SK6812","SK6812-MINI-E",123.675000,-94.250000,180.000000,bottom
"D162","SK6812","SK6812-MINI-E",104.675000,-94.250000,180.000000,bottom
"D163","SK6812","SK6812-MINI-E",85.675000,-94.250000,180.000000,bottom
"D164","SK6812","SK6812-MINI-E",62.175000,-94.250000,180.000000,bottom
"D165","1N4148W","D_SOD-123",354.250000,-99.250000,0.000000,bottom
"ESC1","K0_0","MX-Hotswap-1U",62.230000,-89.500000,180.000000,bottom
"F1","K0_1","MX-Hotswap-1U",85.500000,-89.500000,180.000000,bottom
"F2","K0_2","MX-Hotswap-1U",104.580000,-89.500000,180.000000,bottom
"F3","K0_3","MX-Hotswap-1U",123.580000,-89.500000,180.000000,bottom
"F4","K0_4","MX-Hotswap-1U",142.580000,-89.500000,180.000000,bottom
"F5","K0_5","MX-Hotswap-1U",166.500000,-89.500000,180.000000,bottom
"F6","K0_6","MX-Hotswap-1U",185.592744,-89.516993,180.000000,bottom
"F7","K0_7","MX-Hotswap-1U",204.645494,-89.518755,180.000000,bottom
"F8","K0_8","MX-Hotswap-1U",223.725494,-89.518755,180.000000,bottom
"F9","K0_9","MX-Hotswap-1U",247.580000,-89.500000,180.000000,bottom
"F10","K0_10","MX-Hotswap-1U",266.580000,-89.500000,180.000000,bottom
"F11","K0_11","MX-Hotswap-1U",285.656254,-89.502822,180.000000,bottom
"F12","K0_12","MX-Hotswap-1U",304.656254,-89.502822,180.000000,bottom
"F13","K0_13","MX-Hotswap-1U",328.340000,-89.500000,180.000000,bottom
"FU2","500mA","Fuse_1206_3216Metric_Pad1.42x1.75mm_HandSolder",339.500000,-117.987500,90.000000,bottom
"J2","Conn_01x04","Molex_PicoBlade_53261-0471_1x04-1MP_P1.25mm_Horizontal",343.075000,-105.000000,0.000000,bottom
"MX'1","K3_11","MX-Hotswap-1U",285.607390,-151.369582,180.000000,bottom
"MX+1","K1_12","MX-Hotswap-1U",290.487346,-113.249415,180.000000,bottom
"MX,1","K4_8","MX-Hotswap-1U",238.013148,-170.438528,180.000000,bottom
"MX-1","K1_11","MX-Hotswap-1U",271.407346,-113.249415,180.000000,bottom
"MX.1","K4_9","MX-Hotswap-1U",257.085000,-170.435319,180.000000,bottom
"MX/1","K4_10","MX-Hotswap-1U",276.161666,-170.409951,180.000000,bottom
"MX0","K1_10","MX-Hotswap-1U",252.348465,-113.258530,180.000000,bottom
"MX1","K1_1","MX-Hotswap-1U",80.812684,-113.299657,180.000000,bottom
"MX2","K1_2","MX-Hotswap-1U",99.858210,-113.299657,180.000000,bottom
"MX3","K1_3","MX-Hotswap-1U",118.899906,-113.309919,180.000000,bottom
"MX4","K1_4","MX-Hotswap-1U",137.956294,-113.250852,180.000000,bottom
"MX5","K1_5","MX-Hotswap-1U",157.033100,-113.260997,180.000000,bottom
"MX6","K1_6","MX-Hotswap-1U",176.062431,-113.260997,180.000000,bottom
"MX7","K1_7","MX-Hotswap-1U",195.172697,-113.239602,180.000000,bottom
"MX8","K1_8","MX-Hotswap-1U",214.225022,-113.258530,180.000000,bottom
"MX9","K1_9","MX-Hotswap-1U",233.270548,-113.258530,180.000000,bottom
"MX;1","K3_10","MX-Hotswap-1U",266.525713,-151.425959,180.000000,bottom
"MX[1","K2_11","MX-Hotswap-1U",280.769885,-132.336411,180.000000,bottom
"MX\1","K2_13","MX-Hotswap-1.5U",323.658000,-132.304430,180.000000,bottom
"MX]1","K2_12","MX-Hotswap-1U",299.830738,-132.336411,180.000000,bottom
"MXa1","K3_1","MX-Hotswap-1U",95.086112,-151.370298,180.000000,bottom
"MXalt1","K5_2","MX-Hotswap-1.25U",111.776161,-189.485498,180.000000,bottom
"MXb1","K4_5","MX-Hotswap-1U",180.821136,-170.452636,180.000000,bottom
"MXbksp1","K1_13","MX-Hotswap-2U",319.088253,-113.252170,180.000000,bottom
"MXc1","K4_3","MX-Hotswap-1U",142.681590,-170.428287,180.000000,bottom
"MXcaps1","K3_0","MX-Hotswap-1.75U",68.887200,-151.372199,180.000000,bottom
"MXctrl1","K5_0","MX-Hotswap-1.25U",64.153935,-189.497309,180.000000,bottom
"MXd1","K3_3","MX-Hotswap-1U",133.201466,-151.362150,180.000000,bottom
"MXdown1","K5_8","MX-Hotswap-1U",332.270000,-193.500000,180.000000,bottom
"MXe1","K2_3","MX-Hotswap-1U",128.448237,-132.320829,180.000000,bottom
"MXend1","K5_10","MX-Hotswap-1U",355.250000,-170.725188,180.000000,bottom
"MXenter1","K3_12","MX-Hotswap-2.25U-ReversedStabilizers",316.569852,-151.375628,180.000000,bottom
"MXf2","K3_4","MX-Hotswap-1U",152.247733,-151.344306,180.000000,bottom
"MXfn1","K5_5","MX-Hotswap-1U",271.347039,-189.490885,180.000000,bottom
"MXg1","K3_5","MX-Hotswap-1U",171.326386,-151.392941,180.000000,bottom
"MXh1","K3_6","MX-Hotswap-1U",190.414187,-151.375505,180.000000,bottom
"MXhome1","K5_11","MX-Hotswap-1U",355.272858,-151.664782,180.000000,bottom
"MXi1","K2_8","MX-Hotswap-1U",223.645887,-132.344991,180.000000,bottom
"MXj1","K3_7","MX-Hotswap-1U",209.420283,-151.362037,180.000000,bottom
"MXk1","K3_8","MX-Hotswap-1U",228.383850,-151.421592,180.000000,bottom
"MXl1","K3_9","MX-Hotswap-1U",247.464263,-151.421592,180.000000,bottom
"MXleft1","K5_7","MX-Hotswap-1U",313.270000,-193.500000,180.000000,bottom
"MXlshift1","K4_0","MX-Hotswap-2.25U",73.655265,-170.424769,180.000000,bottom
"MXm1","K4_7","MX-Hotswap-1U",218.964389,-170.438528,180.000000,bottom
"MXn1","K4_6","MX-Hotswap-1U",199.868207,-170.452636,180.000000,bottom
"MXo1","K2_9","MX-Hotswap-1U",242.712142,-132.336411,180.000000,bottom
"MXp1","K2_10","MX-Hotswap-1U",261.741013,-132.336411,180.000000,bottom
"MXpgdn1","K5_12","MX-Hotswap-1U",355.276405,-132.593420,180.000000,bottom
"MXpgup1","K4_13","MX-Hotswap-1U",355.274199,-113.540000,180.000000,bottom
"MXq1","K2_1","MX-Hotswap-1U",90.337600,-132.312881,180.000000,bottom
"MXr1","K2_4","MX-Hotswap-1U",147.498418,-132.313009,180.000000,bottom
"MXralt1","K5_4","MX-Hotswap-1U",252.292571,-189.482129,180.000000,bottom
"MXrctrl1","K5_6","MX-Hotswap-1U",290.420000,-189.500000,180.000000,bottom
"MXright1","K5_9","MX-Hotswap-1U",351.270000,-193.500000,180.000000,bottom
"MXrshift1","K4_11","MX-Hotswap-1.75U",302.368654,-170.415576,180.000000,bottom
"MXs1","K3_2","MX-Hotswap-1U",114.168286,-151.370298,180.000000,bottom
"MXspace1","K5_3","MX-Hotswap-6.25U-ReversedStabilizers",183.226291,-189.455790,180.000000,bottom
"MXsuper1","K5_1","MX-Hotswap-1.25U",87.968703,-189.497314,180.000000,bottom
"MXt1","K2_5","MX-Hotswap-1U",166.527290,-132.313009,180.000000,bottom
"MXtab1","K2_0","MX-Hotswap-1.5U",66.516034,-132.324921,180.000000,bottom
"MXtilde1","K1_0","MX-Hotswap-1U",61.706631,-113.272973,180.000000,bottom
"MXu1","K2_7","MX-Hotswap-1U",204.585034,-132.313009,180.000000,bottom
"MXup1","K4_12","MX-Hotswap-1U",332.270084,-174.500000,180.000000,bottom
"MXv1","K4_4","MX-Hotswap-1U",161.770940,-170.428287,180.000000,bottom
"MXw1","K2_2","MX-Hotswap-1U",109.392714,-132.320829,180.000000,bottom
"MXx1","K4_2","MX-Hotswap-1U",123.613380,-170.428287,180.000000,bottom
"MXy1","K2_6","MX-Hotswap-1U",185.556162,-132.313009,180.000000,bottom
"MXz1","K4_1","MX-Hotswap-1U",104.579741,-170.430496,180.000000,bottom
"R1","10k","R_0805_2012Metric",173.500000,-197.000000,90.000000,bottom
"R6","22","R_0805_2012Metric",344.500000,-122.662500,-90.000000,bottom
"R7","22","R_0805_2012Metric",342.000000,-122.662500,90.000000,bottom
"R8","10k","R_0805_2012Metric",194.500000,-185.000000,0.000000,bottom
"SW1","Reset","SW_SPST_TL3342",166.850000,-189.350000,180.000000,bottom
"U1","ATmega32U4-AU","TQFP-44_10x10mm_P0.8mm",209.800000,-190.162500,180.000000,bottom
"Y1","16Mhz","Crystal_SMD_3225-4Pin_3.2x2.5mm",226.400000,-192.850000,180.000000,bottom
